page,visits,potential_earnings
/blog/bali-private-car-drivers-guide,2269,9.84
/blog/bali-all-indonesia-arrival-guide,1331,0.00
/blog/bali-currency-exchange-guide,1328,3.52
/blog/ayana-resort-bali-guide,1195,5.56
/blog/ubud-guide,744,0.34
/blog/ayana-promo-2026,720,0.00
/blog/bali-travel-mistakes-tips,657,1.54
/blog/starlux-ayana-bali-package-2026,638,5.15
/blog/spa,633,2.26
/blog/bali-sim-card-esim-guide,620,0.48
/blog/bali-evisa-customs-health-declaration,614,0.00
/blog/seminyak-guide,595,3.25
/blog/ubud-resorts-guide,568,0.00
/blog/bali-private-car-hire-guide,552,0.00
/blog/bali-water-filter-tips,550,0.00
/blog/ubud-royal-palace-tour-guide,526,0.00
/blog/bali-day-pass,493,0.65
/blog/bali-supermarket-guide-map,493,0.00
/blog/bali-child-visa-guide,490,0.00
/blog/bali-currency-exchange-tips,457,0.42
/blog/canggu-guide,453,3.60
/blog/bali-evisa-application-guide,451,0.00
/blog/ubud-villa-pool-guide,414,0.00
/blog/seminyak-private-villas-guide,413,0.00
/blog/bali-souvenirs-gift-guide,402,0.04
/blog/bali-belly-medicine-guide,390,7.27
/blog/komodo-national-park-tour,372,14.92
/blog/bali-rock-bar-reservation-guide,368,0.00
/blog/kuta-guide,356,4.07
/blog/bali-top-10-foods,346,0.00
/blog/komodo-bali-double-ayana-luxury-tour,338,0.00
/blog/bali-ultimate-guide-2026,336,0.00
/blog/2026-bali-tourism-tax-guide,321,0.00
/blog/sanur-luxury-budget-resorts,318,16.63
/blog/ubud-food-guide,315,3.57
/blog/uluwatu-guide,311,1.09
/blog/first-time-bali-travel-tips,307,0.00
/blog/typhoon-travel-tips,297,17.95
/blog/bali-komodo-luxury-tour-2026,292,0.00
/blog/bali-travel-guide-2026,285,0.00
/blog/jimbaran-guide,280,0.00
/blog/bali-tipping-guide-driver-spa,273,0.00
/blog/seminyak-eat-street-guide,271,0.11
/blog/bali-voltage-adapter-tips,269,0.00
/blog/bali-travel-guide-2026-h2,268,0.00
/blog/bali-safari-night-experience,259,0.00
/blog/bali-transport-quiz,259,0.08
/blog/kuta-beach-hotels,258,7.05
/blog/paradisus-by-melia-bali,258,0.00
/blog/jimbaran-seafood-restaurants-list,257,0.00
/blog/bali-romance-tour,254,0.00
/blog/bali-customs-restrictions,253,0.00
/blog/sanur-guide,251,23.89
/blog/la-mewali,250,0.00
/blog/nusa-penida-guide,247,0.00
/blog/bali-travel-insurance-guide,244,1.55
/blog/bali-family-travel-tips,237,0.00
/blog/komodo-island-labuan-bajo-travel,236,0.00
/blog/jimbaran-beachfront-hotels-guide,232,30.92
/blog/bali-top-50-outdoor-activities,230,0.25
/blog/indonesia-gojek-gopay-guide,228,0.00
/blog/ubud-top-20-attractions-guide,228,0.00
/blog/bali-souvenirs-customs-restrictions,227,0.00
/blog/seminyak-eat-street-hotels-villas,220,0.00
/blog/bali-airport-autogate-arrival-guide-2026,216,0.00
/blog/bali-top-attractions-guide,215,0.78
/blog/nukuwera-river-tubing-adventure,215,26.93
/blog/ubud-jungle-cart-adventure,210,0.00
/blog/bali-7-day-klook-itinerary,209,0.78
/blog/bali-family-resorts-water-slides,206,0.00
/blog/ubud-with-kids-guide,206,5.50
/blog/top-10-kids-attractions-in-bali,205,0.00
/blog/2026-03-18-bali-gojek-grab-guide,203,0.00
/blog/bali-family-room-resorts,201,0.00
/blog/bali-accommodation-area-guide,198,0.00
/blog/seminyak-restaurants-food-guide,198,0.00
/blog/seminyak-beach-resorts-guide,197,0.00
/blog/family,194,0.65
/blog/nusa-dua-guide,194,21.97
/blog/water-of-bali,193,0.00
/blog/ubud-art-markets-guide,191,0.00
/blog/bali-travel-cash-budget-guide,189,0.00
/blog/batur-lake-volcano-guide,181,0.00
/blog/nusa-dua-resorts-guide,176,2.21
/blog/alaya-suites-ubud,175,0.00
/blog/bali-usd-exchange-rate,175,0.00
/blog/sanur-4-day-food-leisure-trip,175,0.00
/blog/ann-spa-jimbaran,169,0.00
/blog/bali-group-villa-stay,168,12.86
/blog/varuna-devdan-kecak-show-in-bali,168,0.00
/blog/bali-packing-essentials,165,0.00
/blog/trans-studio-bali,164,0.00
/blog/bali-solo-travel-guide,162,0.00
/blog/bali-tourist-scams-2026,160,0.13
/blog/tax-refund,160,0.08
/blog/bali-family-resorts-kids-club,159,0.00
/blog/ayana-resort-bali-experience,151,0.00
/blog/nyepi-ogoh-ogoh-2027,149,0.00
/blog/bali-travel-tips,146,0.00
/blog/nusa-penida-snorkeling-guide,146,0.00
/blog/bali-airport-transfer-guide,143,3.10
/blog/waterbom-bali-water-park-guide,143,0.00
/blog/world-best-resorts-bali,143,0.00
/blog/bali-java-seven-day-tour,142,0.00
/blog/2025-bali-automatic-customs,141,0.00
/blog/bali-weekend-markets-2026,139,0.00
/blog/uluwatu-temple-travel-guide,138,0.00
/blog/ticket,137,0.00
/blog/bali-drone-regulations,136,0.00
/blog/bali-family-tour-2026,134,0.00
/blog/bali-motorbike-rental-tips,134,0.00
/blog/bali-travel-photography-guide,134,9.27
/blog/ijen-bromo-bali-luxury-tour,132,0.00
/blog/ubud-waterfalls-guide,132,2.45
/blog/ubud-treehouse-bamboo-villa-stays,131,0.16
/blog/canggu-la-brisa-restaurant-guide,130,0.00
/blog/sanggraloka-ubud,130,0.00
/blog/bali-mother-daughter-trip,129,0.00
/blog/bali-travel-health-tips,129,0.00
/blog/mulia-resort-bali-luxury,128,35.45
/blog/bali-money-exchange-scams-2,126,0.00
/blog/bali-exotic-marine-park,125,0.00
/blog/bali-senior-friendly-travel-guide,123,0.00
/blog/jumeirah-bali,123,0.00
/blog/bali-atv-adventure-guide,122,13.83
/blog/bali-travel-essentials,122,0.00
/blog/bbc-top-travel-destinations-komodo,121,0.00
/blog/2026-03-21-bali-driver-recommend-p2,120,0.00
/blog/bali-rafting-ayung-telaga-waja,120,0.00
/blog/hiliwatu-marriott-ubud,117,0.00
/blog/rc-is-bali-worth-visiting,117,0.00
/blog/ubud-campuhan-ridge-walk,117,0.00
/blog/bali-tanah-lot-guide,116,0.00
/blog/tirta-empul-temple-guide,115,0.00
/blog/2026-bali-festival-guide,112,0.00
/blog/bali-family-travel-guide-2,112,0.00
/blog/holiday-inn-bali-canggu,112,0.00
/blog/bali-safety-travel-tips,111,0.00
/blog/bali-top-500-attractions,111,0.00
/blog/bali-12-day-travel-tips,110,0.00
/blog/bali-free-travel-guide,109,0.00
/blog/bali-elderly-travel-guide-2,108,0.00
/blog/bali-turtle-watching-guide,107,0.00
/blog/bali-nusa-penida-10-day-trip,106,0.00
/blog/canggu-villas-guide,105,31.62
